method,label,mean,std,sem,ci95,ci95_low,ci95_high,folds
scMEDAL-FE,batch,-0.037744927406311,0.0064701093395691,0.0028935208610265,0.008033701831384745,-0.045778629237695746,-0.02971122557492626,5
scMEDAL-FE,celltype,0.0541223108768463,0.0025970852478633,0.0011614518315168,0.003224707252537838,0.05089760362430846,0.057347018129384135,5
scMEDAL-RE,batch,0.6849899172782898,0.0255098109652662,0.0114083342823009,0.031674613876554576,0.6533153034017353,0.7166645311548444,5
scMEDAL-RE,celltype,-0.0766258478164672,0.006527701317147,0.0029192767763911,0.008105211716528678,-0.08473105953299587,-0.06852063609993853,5
Harmony,batch,-0.1066734492778778,0.0010067671259365,0.0004502399462212,0.0012500664948503707,-0.10792351577272817,-0.10542338278302742,5
Harmony,celltype,0.0179340716451406,0.0024364727452229,0.0010896237367288,0.0030252804903480117,0.014908791154792588,0.02095935213548861,5
Scanorama,batch,-0.1702129602432251,0.0143149317638414,0.0064018321034441,0.0177743354079055,-0.1879872956511306,-0.1524386248353196,5
Scanorama,celltype,0.0096272105583921,0.0109398539912448,0.0048924514376691,0.013583622846534305,-0.003956412288142204,0.023210833404926405,5
scVI,batch,-0.2360969096422195,0.0071446998731339,0.0031952069190323,0.008871316610441368,-0.24496822625266085,-0.22722559303177814,5
scVI,celltype,0.0289352893829345,0.0116219598934853,0.0051974984707218,0.014430569188308586,0.014504720194625913,0.04336585857124309,5
scANVI,batch,-0.1803578168153762,0.0053962872623531,0.0024132930289475,0.0067003756176292565,-0.18705819243300545,-0.17365744119774693,5
scANVI,celltype,0.2137375056743621,0.004388823693806,0.0019627416241224,0.005449444375062616,0.20828806129929947,0.2191869500494247,5
