gene,omitted_control,full_mean_delta,leaveoneout_mean_delta,shift_from_full_mean,same_direction_folds,direction_preserved,leaveoneout_delta_fold1,leaveoneout_delta_fold2,leaveoneout_delta_fold3,leaveoneout_delta_fold4,leaveoneout_delta_fold5
SAMSN1,BM1,-0.07132172877464879,-0.0737701181023663,-0.002448389327717515,5,True,-0.06654635556899867,-0.0622785888248638,-0.06167026837404657,-0.08596633618102743,-0.09238904156289508
SAMSN1,BM2,-0.07132172877464879,-0.08329782385065702,-0.011976095076008234,5,True,-0.0855786102717636,-0.0644011776696806,-0.07619301491134109,-0.08498528253126726,-0.10533103386923258
SAMSN1,BM3,-0.07132172877464879,-0.07690946287000175,-0.005587734095352959,5,True,-0.08478440755364806,-0.062312889156729986,-0.06441036528241847,-0.0741814805690695,-0.09885817178814278
SAMSN1,BM4,-0.07132172877464879,-0.06613675632657832,0.005184972448070466,5,True,-0.08090744426733147,-0.05390505425622048,-0.04888642620188957,-0.059162476898969904,-0.08782238000848021
SAMSN1,BM5,-0.07132172877464879,-0.05649448272364096,0.014827246051007832,5,True,-0.06015898905754151,-0.03463906786325542,-0.0307215049526032,-0.056208748098190583,-0.10074410364661406
TXNIP,BM1,-0.08562329972378277,-0.08282936843046143,0.002793931293321339,5,True,-0.09984268868170507,-0.06637996440833557,-0.027980759318196213,-0.17239976499912857,-0.04754366474494168
TXNIP,BM2,-0.08562329972378277,-0.08520313347705484,0.00042016624672792935,5,True,-0.11706274858926677,-0.08364931713272675,-0.02484541197260076,-0.16302786937545455,-0.03743032031522539
TXNIP,BM3,-0.08562329972378277,-0.10499327405113146,-0.019369974327348688,5,True,-0.13779639903627508,-0.0841721565906283,-0.05014137601779117,-0.18600174501787037,-0.06685469359309235
TXNIP,BM4,-0.08562329972378277,-0.09859012613896365,-0.012966826415180877,5,True,-0.12355884170631423,-0.07315697082441511,-0.04544545022345109,-0.1912864418240814,-0.05950292611655647
TXNIP,BM5,-0.08562329972378277,-0.05650059652130277,0.029122703202479998,5,True,-0.055810756368881415,-0.06773645140277276,-0.05130669635419138,-0.07548737153943075,-0.03216170694123752
FTL,BM1,-0.07749012940903492,-0.06243515809098402,0.015054971318050898,5,True,-0.02956578391798348,-0.10417114447058257,-0.09559231937779794,-0.030232413236236932,-0.05261412945231919
FTL,BM2,-0.07749012940903492,-0.08517375558469066,-0.007683626175655739,5,True,-0.06015893227141378,-0.12363041405682379,-0.12196670417975614,-0.050639483475144575,-0.06947324394031501
FTL,BM3,-0.07749012940903492,-0.09196373504939054,-0.014473605640355616,5,True,-0.07151793469393652,-0.13022907033721937,-0.12113926683271398,-0.04591891191424946,-0.09101349146883336
FTL,BM4,-0.07749012940903492,-0.10152053280074402,-0.0240304033917091,5,True,-0.08538397956573651,-0.135252881271338,-0.14552535269775596,-0.05905295998941951,-0.0823874904794702
FTL,BM5,-0.07749012940903492,-0.04635746551936547,0.031132663889669454,5,True,-0.013836973692014864,-0.08507090202503481,-0.06365412646585117,-0.03779877952965327,-0.03142654588427324
CENPE,BM1,0.03257175275435324,0.029553275770134068,-0.003018476984219174,4,True,0.07668992018700864,0.034605284574449016,0.029704872031553784,0.03136842033312599,-0.024602118275467107
CENPE,BM2,0.03257175275435324,0.032447427747089065,-0.0001243250072641769,4,True,0.07915707591699361,0.02501591624209617,0.034506268632252236,0.0348070439389879,-0.011249165994884604
CENPE,BM3,0.03257175275435324,0.03749405347627434,0.004922300721921097,4,True,0.08031708616980482,0.03672785859625921,0.03522540093298383,0.04022044629195102,-0.0050205246096271805
CENPE,BM4,0.03257175275435324,0.037452343463706586,0.004880590709353344,4,True,0.08139947183485112,0.03283325603902744,0.039250689882981804,0.039190351789876794,-0.005412052228204206
CENPE,BM5,0.03257175275435324,0.025911663314561968,-0.006660089439791274,5,True,0.04540010810094994,0.026069363620914165,0.0025712108388679577,0.030163804882320587,0.025353829129757192
SRGN,BM1,-0.06118575927049967,-0.048373935902720024,0.012811823367779647,4,True,-0.08933445062204926,-0.13052919465079826,0.043930554321030824,-0.012362843632640952,-0.053573744929142464
SRGN,BM2,-0.06118575927049967,-0.07309524447239055,-0.011909485201890876,4,True,-0.12486314364952289,-0.15700343816134266,0.027090675123434493,-0.02654342997267911,-0.08415688570184254
SRGN,BM3,-0.06118575927049967,-0.07740361517653173,-0.016217855906032058,4,True,-0.14677002536108708,-0.16747645111446585,0.01523475355060172,-0.023935773688336437,-0.06407057926937099
SRGN,BM4,-0.06118575927049967,-0.08324100515716205,-0.022055245886662384,5,True,-0.1497178346121888,-0.1766066032714716,-0.0010618043007731282,-0.026845998358830392,-0.06197278524254635
SRGN,BM5,-0.06118575927049967,-0.023814995643694204,0.03737076362680547,3,True,-0.06968086398298956,-0.0982112292231122,0.023676497400674568,0.04910693489404161,-0.023966317307085427
