gene,gene_index,target_batch,target_group,mean_across_folds,sd_across_folds,value_fold1,value_fold2,value_fold3,value_fold4,value_fold5
SAMSN1,2217,AML1012,AML,0.11092089175796752,0.026608505681600853,0.089258048895959,0.0966525122015653,0.1041512332535316,0.1567833087853602,0.1077593556534214
SAMSN1,2217,AML210A,AML,0.12125218764356611,0.008897218919696524,0.1144757579557142,0.1244675008344925,0.1097596984808758,0.1260402908770589,0.1315176900696892
SAMSN1,2217,AML328,AML,0.09739073395408537,0.04733789021629058,0.0208005920664087,0.1029834100502526,0.1397376983999129,0.1324823580316833,0.0909496112221694
SAMSN1,2217,AML329,AML,0.08866176640314619,0.026846838250776578,0.1024476142974945,0.1169768558266406,0.0858216276439046,0.0926157418783899,0.0454469923693013
SAMSN1,2217,AML419A,AML,0.10657402912289352,0.014066545680612727,0.0957779865618702,0.0938802049803232,0.1197599743305142,0.123701560276526,0.099750419465234
SAMSN1,2217,AML420B,AML,0.11124968780487021,0.027733335878918727,0.1343761782373513,0.0684176885591958,0.1069595136846917,0.1090906411409378,0.1374044174021745
SAMSN1,2217,AML475,AML,0.1317731512842897,0.02077957516314373,0.1577545396267651,0.1131193487940427,0.1256294592378012,0.1129367485925838,0.1494256601702556
SAMSN1,2217,AML556,AML,0.10845004221819224,0.009869357717653461,0.0999806112235969,0.1126505393228812,0.1026607537819605,0.1030834410209078,0.1238748657416148
SAMSN1,2217,AML707B,AML,0.09732624332105215,0.030794708103064682,0.0933170543239639,0.0540013904263356,0.1377481454264077,0.0897750268588672,0.1117895995696864
SAMSN1,2217,AML870,AML,0.18188505203676003,0.046664371976820204,0.191443974571722,0.2015326259795852,0.1135754982101074,0.1640057471973282,0.2388674142250574
SAMSN1,2217,AML916,AML,0.13156961216604582,0.14801398710480085,0.2488260404155538,0.2187293807272323,0.2501175464425187,-0.0362424844795757,-0.0235824222755001
SAMSN1,2217,AML921A,AML,0.07600149948522754,0.04127131187470035,0.0633091102834339,0.1006080446343025,0.1347672431398119,0.0337525267262119,0.0475705726423775
SAMSN1,2217,BM1,control,0.17511607956362046,0.048478352252455253,0.2294376768149413,0.1454240476660326,0.1627578722287825,0.1173077217966049,0.2206530793117411
SAMSN1,2217,BM2,control,0.13700525657045756,0.025380597487471963,0.1533086580038816,0.1369336922867653,0.1046668860796043,0.1212319363956456,0.1688851100863911
SAMSN1,2217,BM3,control,0.16255870049307872,0.019316841385234516,0.1564854688763439,0.1452868463385678,0.1517974845952949,0.1644471442444367,0.1947765584107503
SAMSN1,2217,BM4,control,0.20564952666677247,0.02906193231597407,0.1719933220216103,0.1789181859406058,0.2138932409174105,0.224523158924835,0.2389197255294007
SAMSN1,2217,BM5,control,0.24421862107852194,0.036592410069592005,0.2549871428607701,0.255982131512466,0.2865529259145559,0.2363380741279523,0.1872328309768653
SAMSN1,2217,MUTZ3,cellline,0.19010356384954777,0.047168887600214995,0.186766640940407,0.2060221238789673,0.2010043423058635,0.2425516905734787,0.1141730215490223
SAMSN1,2217,OCI,cellline,0.24538144477747212,0.05445102243569656,0.2285402350955539,0.2570907110590973,0.2840156735723451,0.2971325535718743,0.1601280505884902
TXNIP,2699,AML1012,AML,0.23581267149493884,0.07309402979027624,0.1414805368200556,0.2145822635051124,0.3341052036437252,0.277697627131526,0.2111977263742751
TXNIP,2699,AML210A,AML,0.23917061966387387,0.027658470429356572,0.2555397599488049,0.2640753025730292,0.2427735133479567,0.2407305034490915,0.1927340190004871
TXNIP,2699,AML328,AML,0.16306805104325872,0.029308156629002012,0.1824329356412152,0.1388678666286334,0.1862300996675175,0.1836604251711814,0.1241489281077461
TXNIP,2699,AML329,AML,0.2547468803616463,0.016593927266622146,0.2722851360017234,0.2511604731391093,0.269321491660638,0.2494748187912357,0.2314924822155251
TXNIP,2699,AML419A,AML,0.34373060648619536,0.03015419876950269,0.3498127875743327,0.3540532087127049,0.3858570176865177,0.3161925629780696,0.3127374554793519
TXNIP,2699,AML420B,AML,0.24262533589905316,0.04884915271376907,0.2445208987629449,0.2022024727536585,0.2255854667309174,0.3255140272764353,0.2153038139713097
TXNIP,2699,AML475,AML,0.2717274958190415,0.03371051458200321,0.2953198960011786,0.2725057314058582,0.286661463940036,0.2133909669253524,0.2907594208227822
TXNIP,2699,AML556,AML,0.2293144784182405,0.03854631279824293,0.1753275277646812,0.2654041697183448,0.220529945542963,0.2680826160881493,0.2172281329770643
TXNIP,2699,AML707B,AML,0.19900284058469217,0.023222631479090646,0.1953179483060483,0.1895952469890681,0.1992820592797029,0.1740015664765307,0.236817381872111
TXNIP,2699,AML870,AML,0.28913483913895494,0.09361013199902675,0.2230186682414483,0.243302467762528,0.4339887472757006,0.332076754773388,0.21328755764171
TXNIP,2699,AML916,AML,0.25117172295507023,0.1096266667975924,0.3010410205708132,0.2391244051586052,0.3132668189562431,0.0659496873557508,0.3364766827339389
TXNIP,2699,AML921A,AML,0.2970745416665692,0.0744496328252415,0.2351944535463541,0.2555523925052138,0.4220097040311025,0.2665960408217675,0.306020117428408
TXNIP,2699,BM1,control,0.34818069852469635,0.034407390796417026,0.3739749770872556,0.3504438361298584,0.3810976175936976,0.3413847658626578,0.2940022959500125
TXNIP,2699,BM2,control,0.33868563833832266,0.047609289537358775,0.3050947374570089,0.2813664252322936,0.3936390069760793,0.3788723483573537,0.3344556736688777
TXNIP,2699,BM3,control,0.25952507604201625,0.03692288505306458,0.2221601356689755,0.2792750674006874,0.2924551507953177,0.2869768457876908,0.2167581805574098
TXNIP,2699,BM4,control,0.2851376676906875,0.03189052614668037,0.2791103649888191,0.3233358104655403,0.311238853972678,0.2658380585628467,0.2461652504635533
TXNIP,2699,BM5,control,0.453495786161331,0.18308211369091248,0.5501027063385502,0.3450178881521096,0.2877938694497168,0.7290343397014492,0.3555301271648292
TXNIP,2699,MUTZ3,cellline,0.32656864492539067,0.11499460780345716,0.3045497902401455,0.1772504621791935,0.3408483005845275,0.4988439903781936,0.3113506812448931
TXNIP,2699,OCI,cellline,0.3413699029781551,0.11364631885203355,0.2826161780007728,0.2540610035832874,0.3528406530648559,0.53396155956659,0.2833701206752694
FTL,894,AML1012,AML,0.46325831450786004,0.035491578284782326,0.4489751430424126,0.4632574547686892,0.5159067200233369,0.4183192611098647,0.4698329935949969
FTL,894,AML210A,AML,0.43942106078828463,0.016566104138449146,0.4261582965130085,0.452582947954625,0.4240108179591723,0.4611557843657705,0.4331974571488468
FTL,894,AML328,AML,0.5168650086207591,0.08548664925534362,0.6412208825498968,0.4780342960898169,0.4996287780575671,0.4133271555284838,0.5521139308780312
FTL,894,AML329,AML,0.42521507667992003,0.026631130516053904,0.4151826642893694,0.4390413280957209,0.3828428264785793,0.442846055488448,0.4461625090474824
FTL,894,AML419A,AML,0.4200313976813145,0.03611631945998383,0.4154808300214487,0.390604454762711,0.4559357209783141,0.4580546861982441,0.3800812964458542
FTL,894,AML420B,AML,0.4576439919397375,0.034199511500289846,0.4802893294586434,0.4664498490686407,0.41532146607861,0.429629823467037,0.4965294916257561
FTL,894,AML475,AML,0.5189244547423953,0.042707477459948136,0.5228118349660982,0.5156565631976825,0.5021573167327892,0.5855577085260395,0.4684388502893677
FTL,894,AML556,AML,0.4443897832558326,0.02377660054469738,0.4568698393093334,0.4311780639306338,0.4669945927985094,0.4577514706431208,0.4091549495975655
FTL,894,AML707B,AML,0.4970830348914329,0.02219148839052482,0.4643724469003735,0.5067572922992682,0.525193304951894,0.4932781749659472,0.4958139553396816
FTL,894,AML870,AML,0.6130677327369544,0.05228858310915533,0.6278229180249844,0.5739695902219516,0.5595492973564979,0.6925852637182366,0.6114115943631016
FTL,894,AML916,AML,0.7224092731407639,0.09035110066712373,0.8504358265731666,0.6936754685544777,0.6421220737958744,0.7792774853599561,0.646535511420344
FTL,894,AML921A,AML,0.45591986735929624,0.04570979000273677,0.5027132749378502,0.4801749700385487,0.4734462655617397,0.3856547807191346,0.4376100455392077
FTL,894,BM1,control,0.6355624310432845,0.029159111296301454,0.6632282423513668,0.6526183575272321,0.654100923773757,0.6041660327072795,0.6036985988567871
FTL,894,BM2,control,0.5446080410684578,0.01934695864152866,0.5408556489376454,0.5747812791822668,0.5486033845659245,0.5225377517516488,0.5362621409048038
FTL,894,BM3,control,0.5174481232096586,0.04399020105371509,0.4954196392475544,0.5483866540606849,0.5519131339540931,0.5414200379952296,0.4501011507907306
FTL,894,BM4,control,0.47922093220424455,0.03424061859209578,0.4399554597603546,0.5282914103242103,0.454368790493925,0.4888838456945495,0.4846051547481831
FTL,894,BM5,control,0.6998732013297587,0.07787818075857497,0.7261434832552413,0.7290193273094231,0.7818536954215441,0.5739005675336143,0.6884489331289707
FTL,894,MUTZ3,cellline,0.526039600539515,0.09887738753004244,0.5846911832555994,0.4316072450252716,0.4149426764985144,0.5569318998027015,0.6420249981154879
FTL,894,OCI,cellline,0.5994394161422651,0.13148468084028603,0.4677998155385285,0.5575111559321563,0.7530009327914077,0.4948025964409321,0.724082580008301
CENPE,427,AML1012,AML,0.010822284330541259,0.012389257888316853,0.005757256663657,0.0176649049730721,0.01482128354916,-0.0080162841487336,0.0238842606155508
CENPE,427,AML210A,AML,0.01381673797452396,0.007405427537996983,0.0133028827995449,0.0041026048854978,0.0130616011389474,0.0136581567583141,0.0249584442903156
CENPE,427,AML328,AML,0.0348732070455249,0.04058981590914184,0.0226950593711295,0.0005299696821965,0.0134897514385588,0.0334732475074323,0.1041780072283074
CENPE,427,AML329,AML,0.01685378589409106,0.007379409829185058,0.0156673012232338,0.0181955291716034,0.0196429177625487,0.0053192658109349,0.0254439155021345
CENPE,427,AML419A,AML,0.008142711027134281,0.015817882900167123,0.0204776675851495,0.0105868243576887,0.0143485310839614,0.0147383003024844,-0.0194377681936126
CENPE,427,AML420B,AML,0.013668624506374783,0.026182466164442378,0.0532379434691057,-0.0202193868333447,0.0147673239186032,0.0089063174552745,0.0116509245222352
CENPE,427,AML475,AML,0.019248347411451,0.014353973601930282,0.03423767193063,0.0288237109257725,0.0225547902592445,-0.0020508538186736,0.0126764177602816
CENPE,427,AML556,AML,0.015170309532988679,0.006857876515663162,0.0208709487976791,0.0213613632864847,0.0094636121957208,0.0178050259510437,0.0063505974340151
CENPE,427,AML707B,AML,0.01252319181388504,0.02782653308345673,0.0373909449441595,0.0300279649978649,-0.0187445900056402,-0.016831593008132,0.030773232141173
CENPE,427,AML870,AML,0.008649345481232081,0.030364751574345865,0.0483906912888671,-0.0252528156682042,-0.0180604481170983,0.0228354647062025,0.0153338351963933
CENPE,427,AML916,AML,0.004014129678113018,0.0995215962576738,0.063496386488756,-0.0163686111987473,-0.132039948774795,-0.0264192715630278,0.1314020934383792
CENPE,427,AML921A,AML,0.025057048891121942,0.03552145644681534,0.0374451075345874,0.031461296940898,-0.0319764644296143,0.0650175238276148,0.0233377805821238
CENPE,427,BM1,control,-0.029409017058981256,0.014171502101618473,-0.0251231596201986,-0.0084210944815514,-0.0289949241907914,-0.0395734442553638,-0.0449324627470011
CENPE,427,BM2,control,-0.01783240915116128,0.020404103970865815,-0.0152545367002587,-0.0467785678109628,-0.0097893377879976,-0.0258189498319162,0.0084793463753289
CENPE,427,BM3,control,0.0023540937655798337,0.017785203518198654,-0.0106144956890139,6.920160568937033e-05,-0.0069128085850712,-0.0041653404200637,0.0333939119163586
CENPE,427,BM4,control,0.002187253715308841,0.01885605732694828,-0.0062849530288287,-0.0155092086232377,0.0091883472149207,-0.0082857184283606,0.0318278014420505
CENPE,427,BM5,control,-0.04397546688126964,0.12206934592767077,-0.1502824079644334,-0.0425647782956908,-0.1375295689615347,-0.0443919060585854,0.1548913268738961
CENPE,427,MUTZ3,cellline,0.018162336039404238,0.07888931678438665,0.0504758594272373,0.0538460834097408,-0.026389653843976,-0.0943493990225715,0.1072287902265906
CENPE,427,OCI,cellline,-0.00895449092265814,0.09156296122175342,-0.0546869541536103,-0.0118533965006082,0.0189620630298119,-0.1219691951368544,0.1247750281479703
SRGN,2439,AML1012,AML,0.4198167059361576,0.05051641990551351,0.4009300805367268,0.3422850887319129,0.4613928314197505,0.464664400999879,0.4298111279925189
SRGN,2439,AML210A,AML,0.448553717618222,0.03190374473051065,0.4730972393012202,0.4113267864658682,0.4668249371597018,0.4163173468442293,0.4752022783200904
SRGN,2439,AML328,AML,0.564133843753666,0.06513858911355733,0.6266116588353156,0.5456545072381864,0.4955477192026442,0.6385599742154101,0.5142953592767737
SRGN,2439,AML329,AML,0.48953521588868265,0.023448145213704464,0.5216760023518487,0.4587289832666785,0.477786604057224,0.4912101243351315,0.4982743654325305
SRGN,2439,AML419A,AML,0.4329153260577659,0.0613014338833442,0.4174547762543828,0.3533094544448929,0.4804239889593755,0.4063583505941225,0.5070300600360556
SRGN,2439,AML420B,AML,0.4631962239866656,0.029704765025850576,0.4276938730173998,0.4992698021009116,0.4431019234681201,0.4592936436447116,0.4866218777021849
SRGN,2439,AML475,AML,0.46153873316671473,0.04566428331184031,0.5027789677660148,0.3981324400386973,0.4607081761361364,0.4387246515299823,0.5073494303627426
SRGN,2439,AML556,AML,0.4451022101247414,0.022368062303715314,0.4780928235989553,0.4192014981718185,0.440567949314115,0.4542711169362903,0.4333776626025278
SRGN,2439,AML707B,AML,0.47480768558692343,0.04139597270834448,0.4948844752601675,0.4409956579546412,0.5189094349906341,0.4215314599057963,0.4977173998233783
SRGN,2439,AML870,AML,0.5457870566422038,0.11075074397016481,0.5823105204481263,0.4454816829017503,0.4116570447480965,0.637947678767346,0.6515383563457005
SRGN,2439,AML916,AML,0.6834239979968266,0.14460368909634003,0.8699563044059025,0.5295589740681117,0.681845708695075,0.7789794720030643,0.5567795308119801
SRGN,2439,AML921A,AML,0.4389042722787151,0.06337156474669221,0.5361558286933689,0.4366113428914833,0.4377790067116977,0.4251318371988035,0.3588433458982222
SRGN,2439,BM1,control,0.6014093018280591,0.10004226300416348,0.7506653949454263,0.6477564893409102,0.5482303182610359,0.4938789076424456,0.5665153989504769
SRGN,2439,BM2,control,0.5025240675493768,0.07234359312903946,0.6085506228355316,0.5418595152987328,0.4808708014706506,0.4371565622822927,0.4441828358596766
SRGN,2439,BM3,control,0.48529058473281206,0.042231379692019046,0.520923095989275,0.49996746348624,0.4334471151793194,0.4475871874196632,0.5245280615895628
SRGN,2439,BM4,control,0.46194102481029065,0.06465068481248738,0.509131858984868,0.4634468548582168,0.36826088377382,0.4359462887376875,0.5329192376968611
SRGN,2439,BM5,control,0.6996450628641621,0.14021645603719315,0.829279741501665,0.7770283510516545,0.4672140905796106,0.7397580217491757,0.6849451094387047
SRGN,2439,MUTZ3,cellline,0.409727074833253,0.11006242054650378,0.4886939204908587,0.2653535347663329,0.3364348872419944,0.4225741743526838,0.5355788573143951
SRGN,2439,OCI,cellline,0.5962002152538063,0.17897012868697618,0.4746741137734881,0.5331944812440084,0.4694760295757678,0.9016343295141622,0.602022122161605
