fold,dataset,target_batch_count,n_cells,n_genes,source_batch_count,source_batches,celltype_count,celltypes,patient_groups
1,train,19,23049,2916,19,AML1012|AML210A|AML328|AML329|AML419A|AML420B|AML475|AML556|AML707B|AML870|AML916|AML921A|BM1|BM2|BM3|BM4|BM5|MUTZ3|OCI,21,B|CTL|GMP|GMP-like|HSC|HSC-like|Mono|Mono-like|NK|Plasma|ProB|ProMono|ProMono-like|Prog|Prog-like|T|cDC|cDC-like|earlyEry|lateEry|pDC,AML|cellline|control
1,val,19,7684,2916,19,AML1012|AML210A|AML328|AML329|AML419A|AML420B|AML475|AML556|AML707B|AML870|AML916|AML921A|BM1|BM2|BM3|BM4|BM5|MUTZ3|OCI,21,B|CTL|GMP|GMP-like|HSC|HSC-like|Mono|Mono-like|NK|Plasma|ProB|ProMono|ProMono-like|Prog|Prog-like|T|cDC|cDC-like|earlyEry|lateEry|pDC,AML|cellline|control
1,test,19,7684,2916,19,AML1012|AML210A|AML328|AML329|AML419A|AML420B|AML475|AML556|AML707B|AML870|AML916|AML921A|BM1|BM2|BM3|BM4|BM5|MUTZ3|OCI,21,B|CTL|GMP|GMP-like|HSC|HSC-like|Mono|Mono-like|NK|Plasma|ProB|ProMono|ProMono-like|Prog|Prog-like|T|cDC|cDC-like|earlyEry|lateEry|pDC,AML|cellline|control
2,train,19,23050,2916,19,AML1012|AML210A|AML328|AML329|AML419A|AML420B|AML475|AML556|AML707B|AML870|AML916|AML921A|BM1|BM2|BM3|BM4|BM5|MUTZ3|OCI,21,B|CTL|GMP|GMP-like|HSC|HSC-like|Mono|Mono-like|NK|Plasma|ProB|ProMono|ProMono-like|Prog|Prog-like|T|cDC|cDC-like|earlyEry|lateEry|pDC,AML|cellline|control
2,val,19,7683,2916,19,AML1012|AML210A|AML328|AML329|AML419A|AML420B|AML475|AML556|AML707B|AML870|AML916|AML921A|BM1|BM2|BM3|BM4|BM5|MUTZ3|OCI,21,B|CTL|GMP|GMP-like|HSC|HSC-like|Mono|Mono-like|NK|Plasma|ProB|ProMono|ProMono-like|Prog|Prog-like|T|cDC|cDC-like|earlyEry|lateEry|pDC,AML|cellline|control
2,test,19,7684,2916,19,AML1012|AML210A|AML328|AML329|AML419A|AML420B|AML475|AML556|AML707B|AML870|AML916|AML921A|BM1|BM2|BM3|BM4|BM5|MUTZ3|OCI,21,B|CTL|GMP|GMP-like|HSC|HSC-like|Mono|Mono-like|NK|Plasma|ProB|ProMono|ProMono-like|Prog|Prog-like|T|cDC|cDC-like|earlyEry|lateEry|pDC,AML|cellline|control
3,train,19,23051,2916,19,AML1012|AML210A|AML328|AML329|AML419A|AML420B|AML475|AML556|AML707B|AML870|AML916|AML921A|BM1|BM2|BM3|BM4|BM5|MUTZ3|OCI,21,B|CTL|GMP|GMP-like|HSC|HSC-like|Mono|Mono-like|NK|Plasma|ProB|ProMono|ProMono-like|Prog|Prog-like|T|cDC|cDC-like|earlyEry|lateEry|pDC,AML|cellline|control
3,val,19,7683,2916,19,AML1012|AML210A|AML328|AML329|AML419A|AML420B|AML475|AML556|AML707B|AML870|AML916|AML921A|BM1|BM2|BM3|BM4|BM5|MUTZ3|OCI,21,B|CTL|GMP|GMP-like|HSC|HSC-like|Mono|Mono-like|NK|Plasma|ProB|ProMono|ProMono-like|Prog|Prog-like|T|cDC|cDC-like|earlyEry|lateEry|pDC,AML|cellline|control
3,test,19,7683,2916,19,AML1012|AML210A|AML328|AML329|AML419A|AML420B|AML475|AML556|AML707B|AML870|AML916|AML921A|BM1|BM2|BM3|BM4|BM5|MUTZ3|OCI,21,B|CTL|GMP|GMP-like|HSC|HSC-like|Mono|Mono-like|NK|Plasma|ProB|ProMono|ProMono-like|Prog|Prog-like|T|cDC|cDC-like|earlyEry|lateEry|pDC,AML|cellline|control
4,train,19,23051,2916,19,AML1012|AML210A|AML328|AML329|AML419A|AML420B|AML475|AML556|AML707B|AML870|AML916|AML921A|BM1|BM2|BM3|BM4|BM5|MUTZ3|OCI,21,B|CTL|GMP|GMP-like|HSC|HSC-like|Mono|Mono-like|NK|Plasma|ProB|ProMono|ProMono-like|Prog|Prog-like|T|cDC|cDC-like|earlyEry|lateEry|pDC,AML|cellline|control
4,val,19,7683,2916,19,AML1012|AML210A|AML328|AML329|AML419A|AML420B|AML475|AML556|AML707B|AML870|AML916|AML921A|BM1|BM2|BM3|BM4|BM5|MUTZ3|OCI,21,B|CTL|GMP|GMP-like|HSC|HSC-like|Mono|Mono-like|NK|Plasma|ProB|ProMono|ProMono-like|Prog|Prog-like|T|cDC|cDC-like|earlyEry|lateEry|pDC,AML|cellline|control
4,test,19,7683,2916,19,AML1012|AML210A|AML328|AML329|AML419A|AML420B|AML475|AML556|AML707B|AML870|AML916|AML921A|BM1|BM2|BM3|BM4|BM5|MUTZ3|OCI,21,B|CTL|GMP|GMP-like|HSC|HSC-like|Mono|Mono-like|NK|Plasma|ProB|ProMono|ProMono-like|Prog|Prog-like|T|cDC|cDC-like|earlyEry|lateEry|pDC,AML|cellline|control
5,train,19,23050,2916,19,AML1012|AML210A|AML328|AML329|AML419A|AML420B|AML475|AML556|AML707B|AML870|AML916|AML921A|BM1|BM2|BM3|BM4|BM5|MUTZ3|OCI,21,B|CTL|GMP|GMP-like|HSC|HSC-like|Mono|Mono-like|NK|Plasma|ProB|ProMono|ProMono-like|Prog|Prog-like|T|cDC|cDC-like|earlyEry|lateEry|pDC,AML|cellline|control
5,val,19,7684,2916,19,AML1012|AML210A|AML328|AML329|AML419A|AML420B|AML475|AML556|AML707B|AML870|AML916|AML921A|BM1|BM2|BM3|BM4|BM5|MUTZ3|OCI,21,B|CTL|GMP|GMP-like|HSC|HSC-like|Mono|Mono-like|NK|Plasma|ProB|ProMono|ProMono-like|Prog|Prog-like|T|cDC|cDC-like|earlyEry|lateEry|pDC,AML|cellline|control
5,test,19,7683,2916,19,AML1012|AML210A|AML328|AML329|AML419A|AML420B|AML475|AML556|AML707B|AML870|AML916|AML921A|BM1|BM2|BM3|BM4|BM5|MUTZ3|OCI,21,B|CTL|GMP|GMP-like|HSC|HSC-like|Mono|Mono-like|NK|Plasma|ProB|ProMono|ProMono-like|Prog|Prog-like|T|cDC|cDC-like|earlyEry|lateEry|pDC,AML|cellline|control
