fold,dataset,target_batch,filename,n_cells,n_genes,dtype,file_size_bytes
1,train,AML1012,recon_batch_train_AML1012.npy,23049,2916,float32,268843664
1,train,AML210A,recon_batch_train_AML210A.npy,23049,2916,float32,268843664
1,train,AML328,recon_batch_train_AML328.npy,23049,2916,float32,268843664
1,train,AML329,recon_batch_train_AML329.npy,23049,2916,float32,268843664
1,train,AML419A,recon_batch_train_AML419A.npy,23049,2916,float32,268843664
1,train,AML420B,recon_batch_train_AML420B.npy,23049,2916,float32,268843664
1,train,AML475,recon_batch_train_AML475.npy,23049,2916,float32,268843664
1,train,AML556,recon_batch_train_AML556.npy,23049,2916,float32,268843664
1,train,AML707B,recon_batch_train_AML707B.npy,23049,2916,float32,268843664
1,train,AML870,recon_batch_train_AML870.npy,23049,2916,float32,268843664
1,train,AML916,recon_batch_train_AML916.npy,23049,2916,float32,268843664
1,train,AML921A,recon_batch_train_AML921A.npy,23049,2916,float32,268843664
1,train,BM1,recon_batch_train_BM1.npy,23049,2916,float32,268843664
1,train,BM2,recon_batch_train_BM2.npy,23049,2916,float32,268843664
1,train,BM3,recon_batch_train_BM3.npy,23049,2916,float32,268843664
1,train,BM4,recon_batch_train_BM4.npy,23049,2916,float32,268843664
1,train,BM5,recon_batch_train_BM5.npy,23049,2916,float32,268843664
1,train,MUTZ3,recon_batch_train_MUTZ3.npy,23049,2916,float32,268843664
1,train,OCI,recon_batch_train_OCI.npy,23049,2916,float32,268843664
1,val,AML1012,recon_batch_val_AML1012.npy,7684,2916,float32,89626304
1,val,AML210A,recon_batch_val_AML210A.npy,7684,2916,float32,89626304
1,val,AML328,recon_batch_val_AML328.npy,7684,2916,float32,89626304
1,val,AML329,recon_batch_val_AML329.npy,7684,2916,float32,89626304
1,val,AML419A,recon_batch_val_AML419A.npy,7684,2916,float32,89626304
1,val,AML420B,recon_batch_val_AML420B.npy,7684,2916,float32,89626304
1,val,AML475,recon_batch_val_AML475.npy,7684,2916,float32,89626304
1,val,AML556,recon_batch_val_AML556.npy,7684,2916,float32,89626304
1,val,AML707B,recon_batch_val_AML707B.npy,7684,2916,float32,89626304
1,val,AML870,recon_batch_val_AML870.npy,7684,2916,float32,89626304
1,val,AML916,recon_batch_val_AML916.npy,7684,2916,float32,89626304
1,val,AML921A,recon_batch_val_AML921A.npy,7684,2916,float32,89626304
1,val,BM1,recon_batch_val_BM1.npy,7684,2916,float32,89626304
1,val,BM2,recon_batch_val_BM2.npy,7684,2916,float32,89626304
1,val,BM3,recon_batch_val_BM3.npy,7684,2916,float32,89626304
1,val,BM4,recon_batch_val_BM4.npy,7684,2916,float32,89626304
1,val,BM5,recon_batch_val_BM5.npy,7684,2916,float32,89626304
1,val,MUTZ3,recon_batch_val_MUTZ3.npy,7684,2916,float32,89626304
1,val,OCI,recon_batch_val_OCI.npy,7684,2916,float32,89626304
1,test,AML1012,recon_batch_test_AML1012.npy,7684,2916,float32,89626304
1,test,AML210A,recon_batch_test_AML210A.npy,7684,2916,float32,89626304
1,test,AML328,recon_batch_test_AML328.npy,7684,2916,float32,89626304
1,test,AML329,recon_batch_test_AML329.npy,7684,2916,float32,89626304
1,test,AML419A,recon_batch_test_AML419A.npy,7684,2916,float32,89626304
1,test,AML420B,recon_batch_test_AML420B.npy,7684,2916,float32,89626304
1,test,AML475,recon_batch_test_AML475.npy,7684,2916,float32,89626304
1,test,AML556,recon_batch_test_AML556.npy,7684,2916,float32,89626304
1,test,AML707B,recon_batch_test_AML707B.npy,7684,2916,float32,89626304
1,test,AML870,recon_batch_test_AML870.npy,7684,2916,float32,89626304
1,test,AML916,recon_batch_test_AML916.npy,7684,2916,float32,89626304
1,test,AML921A,recon_batch_test_AML921A.npy,7684,2916,float32,89626304
1,test,BM1,recon_batch_test_BM1.npy,7684,2916,float32,89626304
1,test,BM2,recon_batch_test_BM2.npy,7684,2916,float32,89626304
1,test,BM3,recon_batch_test_BM3.npy,7684,2916,float32,89626304
1,test,BM4,recon_batch_test_BM4.npy,7684,2916,float32,89626304
1,test,BM5,recon_batch_test_BM5.npy,7684,2916,float32,89626304
1,test,MUTZ3,recon_batch_test_MUTZ3.npy,7684,2916,float32,89626304
1,test,OCI,recon_batch_test_OCI.npy,7684,2916,float32,89626304
2,train,AML1012,recon_batch_train_AML1012.npy,23050,2916,float32,268855328
2,train,AML210A,recon_batch_train_AML210A.npy,23050,2916,float32,268855328
2,train,AML328,recon_batch_train_AML328.npy,23050,2916,float32,268855328
2,train,AML329,recon_batch_train_AML329.npy,23050,2916,float32,268855328
2,train,AML419A,recon_batch_train_AML419A.npy,23050,2916,float32,268855328
2,train,AML420B,recon_batch_train_AML420B.npy,23050,2916,float32,268855328
2,train,AML475,recon_batch_train_AML475.npy,23050,2916,float32,268855328
2,train,AML556,recon_batch_train_AML556.npy,23050,2916,float32,268855328
2,train,AML707B,recon_batch_train_AML707B.npy,23050,2916,float32,268855328
2,train,AML870,recon_batch_train_AML870.npy,23050,2916,float32,268855328
2,train,AML916,recon_batch_train_AML916.npy,23050,2916,float32,268855328
2,train,AML921A,recon_batch_train_AML921A.npy,23050,2916,float32,268855328
2,train,BM1,recon_batch_train_BM1.npy,23050,2916,float32,268855328
2,train,BM2,recon_batch_train_BM2.npy,23050,2916,float32,268855328
2,train,BM3,recon_batch_train_BM3.npy,23050,2916,float32,268855328
2,train,BM4,recon_batch_train_BM4.npy,23050,2916,float32,268855328
2,train,BM5,recon_batch_train_BM5.npy,23050,2916,float32,268855328
2,train,MUTZ3,recon_batch_train_MUTZ3.npy,23050,2916,float32,268855328
2,train,OCI,recon_batch_train_OCI.npy,23050,2916,float32,268855328
2,val,AML1012,recon_batch_val_AML1012.npy,7683,2916,float32,89614640
2,val,AML210A,recon_batch_val_AML210A.npy,7683,2916,float32,89614640
2,val,AML328,recon_batch_val_AML328.npy,7683,2916,float32,89614640
2,val,AML329,recon_batch_val_AML329.npy,7683,2916,float32,89614640
2,val,AML419A,recon_batch_val_AML419A.npy,7683,2916,float32,89614640
2,val,AML420B,recon_batch_val_AML420B.npy,7683,2916,float32,89614640
2,val,AML475,recon_batch_val_AML475.npy,7683,2916,float32,89614640
2,val,AML556,recon_batch_val_AML556.npy,7683,2916,float32,89614640
2,val,AML707B,recon_batch_val_AML707B.npy,7683,2916,float32,89614640
2,val,AML870,recon_batch_val_AML870.npy,7683,2916,float32,89614640
2,val,AML916,recon_batch_val_AML916.npy,7683,2916,float32,89614640
2,val,AML921A,recon_batch_val_AML921A.npy,7683,2916,float32,89614640
2,val,BM1,recon_batch_val_BM1.npy,7683,2916,float32,89614640
2,val,BM2,recon_batch_val_BM2.npy,7683,2916,float32,89614640
2,val,BM3,recon_batch_val_BM3.npy,7683,2916,float32,89614640
2,val,BM4,recon_batch_val_BM4.npy,7683,2916,float32,89614640
2,val,BM5,recon_batch_val_BM5.npy,7683,2916,float32,89614640
2,val,MUTZ3,recon_batch_val_MUTZ3.npy,7683,2916,float32,89614640
2,val,OCI,recon_batch_val_OCI.npy,7683,2916,float32,89614640
2,test,AML1012,recon_batch_test_AML1012.npy,7684,2916,float32,89626304
2,test,AML210A,recon_batch_test_AML210A.npy,7684,2916,float32,89626304
2,test,AML328,recon_batch_test_AML328.npy,7684,2916,float32,89626304
2,test,AML329,recon_batch_test_AML329.npy,7684,2916,float32,89626304
2,test,AML419A,recon_batch_test_AML419A.npy,7684,2916,float32,89626304
2,test,AML420B,recon_batch_test_AML420B.npy,7684,2916,float32,89626304
2,test,AML475,recon_batch_test_AML475.npy,7684,2916,float32,89626304
2,test,AML556,recon_batch_test_AML556.npy,7684,2916,float32,89626304
2,test,AML707B,recon_batch_test_AML707B.npy,7684,2916,float32,89626304
2,test,AML870,recon_batch_test_AML870.npy,7684,2916,float32,89626304
2,test,AML916,recon_batch_test_AML916.npy,7684,2916,float32,89626304
2,test,AML921A,recon_batch_test_AML921A.npy,7684,2916,float32,89626304
2,test,BM1,recon_batch_test_BM1.npy,7684,2916,float32,89626304
2,test,BM2,recon_batch_test_BM2.npy,7684,2916,float32,89626304
2,test,BM3,recon_batch_test_BM3.npy,7684,2916,float32,89626304
2,test,BM4,recon_batch_test_BM4.npy,7684,2916,float32,89626304
2,test,BM5,recon_batch_test_BM5.npy,7684,2916,float32,89626304
2,test,MUTZ3,recon_batch_test_MUTZ3.npy,7684,2916,float32,89626304
2,test,OCI,recon_batch_test_OCI.npy,7684,2916,float32,89626304
3,train,AML1012,recon_batch_train_AML1012.npy,23051,2916,float32,268866992
3,train,AML210A,recon_batch_train_AML210A.npy,23051,2916,float32,268866992
3,train,AML328,recon_batch_train_AML328.npy,23051,2916,float32,268866992
3,train,AML329,recon_batch_train_AML329.npy,23051,2916,float32,268866992
3,train,AML419A,recon_batch_train_AML419A.npy,23051,2916,float32,268866992
3,train,AML420B,recon_batch_train_AML420B.npy,23051,2916,float32,268866992
3,train,AML475,recon_batch_train_AML475.npy,23051,2916,float32,268866992
3,train,AML556,recon_batch_train_AML556.npy,23051,2916,float32,268866992
3,train,AML707B,recon_batch_train_AML707B.npy,23051,2916,float32,268866992
3,train,AML870,recon_batch_train_AML870.npy,23051,2916,float32,268866992
3,train,AML916,recon_batch_train_AML916.npy,23051,2916,float32,268866992
3,train,AML921A,recon_batch_train_AML921A.npy,23051,2916,float32,268866992
3,train,BM1,recon_batch_train_BM1.npy,23051,2916,float32,268866992
3,train,BM2,recon_batch_train_BM2.npy,23051,2916,float32,268866992
3,train,BM3,recon_batch_train_BM3.npy,23051,2916,float32,268866992
3,train,BM4,recon_batch_train_BM4.npy,23051,2916,float32,268866992
3,train,BM5,recon_batch_train_BM5.npy,23051,2916,float32,268866992
3,train,MUTZ3,recon_batch_train_MUTZ3.npy,23051,2916,float32,268866992
3,train,OCI,recon_batch_train_OCI.npy,23051,2916,float32,268866992
3,val,AML1012,recon_batch_val_AML1012.npy,7683,2916,float32,89614640
3,val,AML210A,recon_batch_val_AML210A.npy,7683,2916,float32,89614640
3,val,AML328,recon_batch_val_AML328.npy,7683,2916,float32,89614640
3,val,AML329,recon_batch_val_AML329.npy,7683,2916,float32,89614640
3,val,AML419A,recon_batch_val_AML419A.npy,7683,2916,float32,89614640
3,val,AML420B,recon_batch_val_AML420B.npy,7683,2916,float32,89614640
3,val,AML475,recon_batch_val_AML475.npy,7683,2916,float32,89614640
3,val,AML556,recon_batch_val_AML556.npy,7683,2916,float32,89614640
3,val,AML707B,recon_batch_val_AML707B.npy,7683,2916,float32,89614640
3,val,AML870,recon_batch_val_AML870.npy,7683,2916,float32,89614640
3,val,AML916,recon_batch_val_AML916.npy,7683,2916,float32,89614640
3,val,AML921A,recon_batch_val_AML921A.npy,7683,2916,float32,89614640
3,val,BM1,recon_batch_val_BM1.npy,7683,2916,float32,89614640
3,val,BM2,recon_batch_val_BM2.npy,7683,2916,float32,89614640
3,val,BM3,recon_batch_val_BM3.npy,7683,2916,float32,89614640
3,val,BM4,recon_batch_val_BM4.npy,7683,2916,float32,89614640
3,val,BM5,recon_batch_val_BM5.npy,7683,2916,float32,89614640
3,val,MUTZ3,recon_batch_val_MUTZ3.npy,7683,2916,float32,89614640
3,val,OCI,recon_batch_val_OCI.npy,7683,2916,float32,89614640
3,test,AML1012,recon_batch_test_AML1012.npy,7683,2916,float32,89614640
3,test,AML210A,recon_batch_test_AML210A.npy,7683,2916,float32,89614640
3,test,AML328,recon_batch_test_AML328.npy,7683,2916,float32,89614640
3,test,AML329,recon_batch_test_AML329.npy,7683,2916,float32,89614640
3,test,AML419A,recon_batch_test_AML419A.npy,7683,2916,float32,89614640
3,test,AML420B,recon_batch_test_AML420B.npy,7683,2916,float32,89614640
3,test,AML475,recon_batch_test_AML475.npy,7683,2916,float32,89614640
3,test,AML556,recon_batch_test_AML556.npy,7683,2916,float32,89614640
3,test,AML707B,recon_batch_test_AML707B.npy,7683,2916,float32,89614640
3,test,AML870,recon_batch_test_AML870.npy,7683,2916,float32,89614640
3,test,AML916,recon_batch_test_AML916.npy,7683,2916,float32,89614640
3,test,AML921A,recon_batch_test_AML921A.npy,7683,2916,float32,89614640
3,test,BM1,recon_batch_test_BM1.npy,7683,2916,float32,89614640
3,test,BM2,recon_batch_test_BM2.npy,7683,2916,float32,89614640
3,test,BM3,recon_batch_test_BM3.npy,7683,2916,float32,89614640
3,test,BM4,recon_batch_test_BM4.npy,7683,2916,float32,89614640
3,test,BM5,recon_batch_test_BM5.npy,7683,2916,float32,89614640
3,test,MUTZ3,recon_batch_test_MUTZ3.npy,7683,2916,float32,89614640
3,test,OCI,recon_batch_test_OCI.npy,7683,2916,float32,89614640
4,train,AML1012,recon_batch_train_AML1012.npy,23051,2916,float32,268866992
4,train,AML210A,recon_batch_train_AML210A.npy,23051,2916,float32,268866992
4,train,AML328,recon_batch_train_AML328.npy,23051,2916,float32,268866992
4,train,AML329,recon_batch_train_AML329.npy,23051,2916,float32,268866992
4,train,AML419A,recon_batch_train_AML419A.npy,23051,2916,float32,268866992
4,train,AML420B,recon_batch_train_AML420B.npy,23051,2916,float32,268866992
4,train,AML475,recon_batch_train_AML475.npy,23051,2916,float32,268866992
4,train,AML556,recon_batch_train_AML556.npy,23051,2916,float32,268866992
4,train,AML707B,recon_batch_train_AML707B.npy,23051,2916,float32,268866992
4,train,AML870,recon_batch_train_AML870.npy,23051,2916,float32,268866992
4,train,AML916,recon_batch_train_AML916.npy,23051,2916,float32,268866992
4,train,AML921A,recon_batch_train_AML921A.npy,23051,2916,float32,268866992
4,train,BM1,recon_batch_train_BM1.npy,23051,2916,float32,268866992
4,train,BM2,recon_batch_train_BM2.npy,23051,2916,float32,268866992
4,train,BM3,recon_batch_train_BM3.npy,23051,2916,float32,268866992
4,train,BM4,recon_batch_train_BM4.npy,23051,2916,float32,268866992
4,train,BM5,recon_batch_train_BM5.npy,23051,2916,float32,268866992
4,train,MUTZ3,recon_batch_train_MUTZ3.npy,23051,2916,float32,268866992
4,train,OCI,recon_batch_train_OCI.npy,23051,2916,float32,268866992
4,val,AML1012,recon_batch_val_AML1012.npy,7683,2916,float32,89614640
4,val,AML210A,recon_batch_val_AML210A.npy,7683,2916,float32,89614640
4,val,AML328,recon_batch_val_AML328.npy,7683,2916,float32,89614640
4,val,AML329,recon_batch_val_AML329.npy,7683,2916,float32,89614640
4,val,AML419A,recon_batch_val_AML419A.npy,7683,2916,float32,89614640
4,val,AML420B,recon_batch_val_AML420B.npy,7683,2916,float32,89614640
4,val,AML475,recon_batch_val_AML475.npy,7683,2916,float32,89614640
4,val,AML556,recon_batch_val_AML556.npy,7683,2916,float32,89614640
4,val,AML707B,recon_batch_val_AML707B.npy,7683,2916,float32,89614640
4,val,AML870,recon_batch_val_AML870.npy,7683,2916,float32,89614640
4,val,AML916,recon_batch_val_AML916.npy,7683,2916,float32,89614640
4,val,AML921A,recon_batch_val_AML921A.npy,7683,2916,float32,89614640
4,val,BM1,recon_batch_val_BM1.npy,7683,2916,float32,89614640
4,val,BM2,recon_batch_val_BM2.npy,7683,2916,float32,89614640
4,val,BM3,recon_batch_val_BM3.npy,7683,2916,float32,89614640
4,val,BM4,recon_batch_val_BM4.npy,7683,2916,float32,89614640
4,val,BM5,recon_batch_val_BM5.npy,7683,2916,float32,89614640
4,val,MUTZ3,recon_batch_val_MUTZ3.npy,7683,2916,float32,89614640
4,val,OCI,recon_batch_val_OCI.npy,7683,2916,float32,89614640
4,test,AML1012,recon_batch_test_AML1012.npy,7683,2916,float32,89614640
4,test,AML210A,recon_batch_test_AML210A.npy,7683,2916,float32,89614640
4,test,AML328,recon_batch_test_AML328.npy,7683,2916,float32,89614640
4,test,AML329,recon_batch_test_AML329.npy,7683,2916,float32,89614640
4,test,AML419A,recon_batch_test_AML419A.npy,7683,2916,float32,89614640
4,test,AML420B,recon_batch_test_AML420B.npy,7683,2916,float32,89614640
4,test,AML475,recon_batch_test_AML475.npy,7683,2916,float32,89614640
4,test,AML556,recon_batch_test_AML556.npy,7683,2916,float32,89614640
4,test,AML707B,recon_batch_test_AML707B.npy,7683,2916,float32,89614640
4,test,AML870,recon_batch_test_AML870.npy,7683,2916,float32,89614640
4,test,AML916,recon_batch_test_AML916.npy,7683,2916,float32,89614640
4,test,AML921A,recon_batch_test_AML921A.npy,7683,2916,float32,89614640
4,test,BM1,recon_batch_test_BM1.npy,7683,2916,float32,89614640
4,test,BM2,recon_batch_test_BM2.npy,7683,2916,float32,89614640
4,test,BM3,recon_batch_test_BM3.npy,7683,2916,float32,89614640
4,test,BM4,recon_batch_test_BM4.npy,7683,2916,float32,89614640
4,test,BM5,recon_batch_test_BM5.npy,7683,2916,float32,89614640
4,test,MUTZ3,recon_batch_test_MUTZ3.npy,7683,2916,float32,89614640
4,test,OCI,recon_batch_test_OCI.npy,7683,2916,float32,89614640
5,train,AML1012,recon_batch_train_AML1012.npy,23050,2916,float32,268855328
5,train,AML210A,recon_batch_train_AML210A.npy,23050,2916,float32,268855328
5,train,AML328,recon_batch_train_AML328.npy,23050,2916,float32,268855328
5,train,AML329,recon_batch_train_AML329.npy,23050,2916,float32,268855328
5,train,AML419A,recon_batch_train_AML419A.npy,23050,2916,float32,268855328
5,train,AML420B,recon_batch_train_AML420B.npy,23050,2916,float32,268855328
5,train,AML475,recon_batch_train_AML475.npy,23050,2916,float32,268855328
5,train,AML556,recon_batch_train_AML556.npy,23050,2916,float32,268855328
5,train,AML707B,recon_batch_train_AML707B.npy,23050,2916,float32,268855328
5,train,AML870,recon_batch_train_AML870.npy,23050,2916,float32,268855328
5,train,AML916,recon_batch_train_AML916.npy,23050,2916,float32,268855328
5,train,AML921A,recon_batch_train_AML921A.npy,23050,2916,float32,268855328
5,train,BM1,recon_batch_train_BM1.npy,23050,2916,float32,268855328
5,train,BM2,recon_batch_train_BM2.npy,23050,2916,float32,268855328
5,train,BM3,recon_batch_train_BM3.npy,23050,2916,float32,268855328
5,train,BM4,recon_batch_train_BM4.npy,23050,2916,float32,268855328
5,train,BM5,recon_batch_train_BM5.npy,23050,2916,float32,268855328
5,train,MUTZ3,recon_batch_train_MUTZ3.npy,23050,2916,float32,268855328
5,train,OCI,recon_batch_train_OCI.npy,23050,2916,float32,268855328
5,val,AML1012,recon_batch_val_AML1012.npy,7684,2916,float32,89626304
5,val,AML210A,recon_batch_val_AML210A.npy,7684,2916,float32,89626304
5,val,AML328,recon_batch_val_AML328.npy,7684,2916,float32,89626304
5,val,AML329,recon_batch_val_AML329.npy,7684,2916,float32,89626304
5,val,AML419A,recon_batch_val_AML419A.npy,7684,2916,float32,89626304
5,val,AML420B,recon_batch_val_AML420B.npy,7684,2916,float32,89626304
5,val,AML475,recon_batch_val_AML475.npy,7684,2916,float32,89626304
5,val,AML556,recon_batch_val_AML556.npy,7684,2916,float32,89626304
5,val,AML707B,recon_batch_val_AML707B.npy,7684,2916,float32,89626304
5,val,AML870,recon_batch_val_AML870.npy,7684,2916,float32,89626304
5,val,AML916,recon_batch_val_AML916.npy,7684,2916,float32,89626304
5,val,AML921A,recon_batch_val_AML921A.npy,7684,2916,float32,89626304
5,val,BM1,recon_batch_val_BM1.npy,7684,2916,float32,89626304
5,val,BM2,recon_batch_val_BM2.npy,7684,2916,float32,89626304
5,val,BM3,recon_batch_val_BM3.npy,7684,2916,float32,89626304
5,val,BM4,recon_batch_val_BM4.npy,7684,2916,float32,89626304
5,val,BM5,recon_batch_val_BM5.npy,7684,2916,float32,89626304
5,val,MUTZ3,recon_batch_val_MUTZ3.npy,7684,2916,float32,89626304
5,val,OCI,recon_batch_val_OCI.npy,7684,2916,float32,89626304
5,test,AML1012,recon_batch_test_AML1012.npy,7683,2916,float32,89614640
5,test,AML210A,recon_batch_test_AML210A.npy,7683,2916,float32,89614640
5,test,AML328,recon_batch_test_AML328.npy,7683,2916,float32,89614640
5,test,AML329,recon_batch_test_AML329.npy,7683,2916,float32,89614640
5,test,AML419A,recon_batch_test_AML419A.npy,7683,2916,float32,89614640
5,test,AML420B,recon_batch_test_AML420B.npy,7683,2916,float32,89614640
5,test,AML475,recon_batch_test_AML475.npy,7683,2916,float32,89614640
5,test,AML556,recon_batch_test_AML556.npy,7683,2916,float32,89614640
5,test,AML707B,recon_batch_test_AML707B.npy,7683,2916,float32,89614640
5,test,AML870,recon_batch_test_AML870.npy,7683,2916,float32,89614640
5,test,AML916,recon_batch_test_AML916.npy,7683,2916,float32,89614640
5,test,AML921A,recon_batch_test_AML921A.npy,7683,2916,float32,89614640
5,test,BM1,recon_batch_test_BM1.npy,7683,2916,float32,89614640
5,test,BM2,recon_batch_test_BM2.npy,7683,2916,float32,89614640
5,test,BM3,recon_batch_test_BM3.npy,7683,2916,float32,89614640
5,test,BM4,recon_batch_test_BM4.npy,7683,2916,float32,89614640
5,test,BM5,recon_batch_test_BM5.npy,7683,2916,float32,89614640
5,test,MUTZ3,recon_batch_test_MUTZ3.npy,7683,2916,float32,89614640
5,test,OCI,recon_batch_test_OCI.npy,7683,2916,float32,89614640
